{
  "nominative": 0.35102515173392573,
  "accusative": 0.2524451390579893,
  "dative": 0.29443093305077095,
  "genitive": 0.102098776157314
}