{
  "nominative": 0.3508715243505527,
  "accusative": 0.2530345472855092,
  "dative": 0.29442658182465625,
  "genitive": 0.1016673465392818
}