{
  "nominative": 0.35280375919977836,
  "accusative": 0.2510878575197118,
  "dative": 0.29371862208639105,
  "genitive": 0.10238976119411879
}
