{
  "A1": {
    "A1": 0.9,
    "A2": 0.075,
    "B1": 0.025,
    "B2": 0,
    "C1": 0,
    "C2": 0
  },
  "A2": {
    "A1": 0.8152709359605911,
    "A2": 0.12807881773399016,
    "B1": 0.034482758620689655,
    "B2": 0.0049261083743842365,
    "C1": 0.007389162561576354,
    "C2": 0.009852216748768473
  },
  "B1": {
    "A1": 0.5917525773195876,
    "A2": 0.18762886597938144,
    "B1": 0.12164948453608247,
    "B2": 0.041237113402061855,
    "C1": 0.024742268041237112,
    "C2": 0.032989690721649485
  },
  "B2": {
    "A1": 0.3073170731707317,
    "A2": 0.24390243902439024,
    "B1": 0.16585365853658537,
    "B2": 0.14634146341463414,
    "C1": 0.06829268292682927,
    "C2": 0.06829268292682927
  },
  "C1": {
    "A1": 0.14130434782608695,
    "A2": 0.17391304347826086,
    "B1": 0.29347826086956524,
    "B2": 0.1956521739130435,
    "C1": 0.13043478260869565,
    "C2": 0.06521739130434782
  },
  "C2": {
    "A1": 0.1411042944785276,
    "A2": 0.13496932515337423,
    "B1": 0.17791411042944785,
    "B2": 0.32515337423312884,
    "C1": 0.17177914110429449,
    "C2": 0.049079754601226995
  }
}