{
  "A1": {
    "A1": 0.8809523809523809,
    "A2": 0.07142857142857142,
    "B1": 0.047619047619047616,
    "B2": 0,
    "C1": 0,
    "C2": 0
  },
  "A2": {
    "A1": 0.6588235294117647,
    "A2": 0.17176470588235293,
    "B1": 0.07529411764705882,
    "B2": 0.011764705882352941,
    "C1": 0.011764705882352941,
    "C2": 0.07058823529411765
  },
  "B1": {
    "A1": 0.41188118811881186,
    "A2": 0.22772277227722773,
    "B1": 0.14653465346534653,
    "B2": 0.0594059405940594,
    "C1": 0.04554455445544554,
    "C2": 0.10891089108910891
  },
  "B2": {
    "A1": 0.1291866028708134,
    "A2": 0.16267942583732056,
    "B1": 0.23923444976076555,
    "B2": 0.18181818181818182,
    "C1": 0.07177033492822966,
    "C2": 0.215311004784689
  },
  "C1": {
    "A1": 0.021052631578947368,
    "A2": 0.12631578947368421,
    "B1": 0.21052631578947367,
    "B2": 0.25263157894736843,
    "C1": 0.17894736842105263,
    "C2": 0.21052631578947367
  },
  "C2": {
    "A1": 0.024390243902439025,
    "A2": 0.018292682926829267,
    "B1": 0.12195121951219512,
    "B2": 0.3048780487804878,
    "C1": 0.24390243902439024,
    "C2": 0.2865853658536585
  }
}