{
  "A1": {
    "A1": 0.775,
    "A2": 0.15,
    "B1": 0.025,
    "B2": 0,
    "C1": 0,
    "C2": 0.05
  },
  "A2": {
    "A1": 0.7076923076923077,
    "A2": 0.1076923076923077,
    "B1": 0.015384615384615385,
    "B2": 0.046153846153846156,
    "C1": 0.015384615384615385,
    "C2": 0.1076923076923077
  },
  "B1": {
    "A1": 0.22429906542056074,
    "A2": 0.14018691588785046,
    "B1": 0.24299065420560748,
    "B2": 0.14953271028037382,
    "C1": 0.102803738317757,
    "C2": 0.14018691588785046
  },
  "B2": {
    "A1": 0.16666666666666666,
    "A2": 0.19230769230769232,
    "B1": 0.2692307692307692,
    "B2": 0.15384615384615385,
    "C1": 0.038461538461538464,
    "C2": 0.1794871794871795
  },
  "C1": {
    "A1": 0.07692307692307693,
    "A2": 0.13846153846153847,
    "B1": 0.2,
    "B2": 0.16923076923076924,
    "C1": 0.13846153846153847,
    "C2": 0.27692307692307694
  },
  "C2": {
    "A1": 0.11,
    "A2": 0.13,
    "B1": 0.15,
    "B2": 0.18,
    "C1": 0.13,
    "C2": 0.3
  }
}