{
  "A1": {
    "A1": 0.9,
    "A2": 0.075,
    "B1": 0.025,
    "B2": 0,
    "C1": 0,
    "C2": 0
  },
  "A2": {
    "A1": 0.8181818181818182,
    "A2": 0.13267813267813267,
    "B1": 0.03194103194103194,
    "B2": 0.004914004914004914,
    "C1": 0.002457002457002457,
    "C2": 0.009828009828009828
  },
  "B1": {
    "A1": 0.6020618556701031,
    "A2": 0.17938144329896907,
    "B1": 0.11958762886597939,
    "B2": 0.03917525773195876,
    "C1": 0.026804123711340205,
    "C2": 0.032989690721649485
  },
  "B2": {
    "A1": 0.3170731707317073,
    "A2": 0.23902439024390243,
    "B1": 0.16585365853658537,
    "B2": 0.15121951219512195,
    "C1": 0.06341463414634146,
    "C2": 0.06341463414634146
  },
  "C1": {
    "A1": 0.14285714285714285,
    "A2": 0.16483516483516483,
    "B1": 0.2967032967032967,
    "B2": 0.18681318681318682,
    "C1": 0.14285714285714285,
    "C2": 0.06593406593406594
  },
  "C2": {
    "A1": 0.147239263803681,
    "A2": 0.13496932515337423,
    "B1": 0.18404907975460122,
    "B2": 0.3128834355828221,
    "C1": 0.17177914110429449,
    "C2": 0.049079754601226995
  }
}