{
  "A1": {
    "A1": 0.9,
    "A2": 0.075,
    "B1": 0.025,
    "B2": 0,
    "C1": 0,
    "C2": 0
  },
  "A2": {
    "A1": 0.8152709359605911,
    "A2": 0.12807881773399016,
    "B1": 0.034482758620689655,
    "B2": 0.0049261083743842365,
    "C1": 0.007389162561576354,
    "C2": 0.009852216748768473
  },
  "B1": {
    "A1": 0.6045081967213115,
    "A2": 0.18442622950819673,
    "B1": 0.11475409836065574,
    "B2": 0.040983606557377046,
    "C1": 0.02459016393442623,
    "C2": 0.030737704918032786
  },
  "B2": {
    "A1": 0.3024390243902439,
    "A2": 0.24390243902439024,
    "B1": 0.16585365853658537,
    "B2": 0.15121951219512195,
    "C1": 0.06829268292682927,
    "C2": 0.06829268292682927
  },
  "C1": {
    "A1": 0.14130434782608695,
    "A2": 0.17391304347826086,
    "B1": 0.30434782608695654,
    "B2": 0.18478260869565216,
    "C1": 0.13043478260869565,
    "C2": 0.06521739130434782
  },
  "C2": {
    "A1": 0.1411042944785276,
    "A2": 0.13496932515337423,
    "B1": 0.17791411042944785,
    "B2": 0.32515337423312884,
    "C1": 0.17177914110429449,
    "C2": 0.049079754601226995
  }
}