{
  "A1": {
    "A1": 0.9047619047619048,
    "A2": 0.07142857142857142,
    "B1": 0.023809523809523808,
    "B2": 0,
    "C1": 0,
    "C2": 0
  },
  "A2": {
    "A1": 0.6517647058823529,
    "A2": 0.16941176470588235,
    "B1": 0.07764705882352942,
    "B2": 0.011764705882352941,
    "C1": 0.01647058823529412,
    "C2": 0.07294117647058823
  },
  "B1": {
    "A1": 0.40476190476190477,
    "A2": 0.2261904761904762,
    "B1": 0.15476190476190477,
    "B2": 0.05952380952380952,
    "C1": 0.04563492063492063,
    "C2": 0.10912698412698413
  },
  "B2": {
    "A1": 0.12440191387559808,
    "A2": 0.15789473684210525,
    "B1": 0.23444976076555024,
    "B2": 0.17703349282296652,
    "C1": 0.07655502392344497,
    "C2": 0.22966507177033493
  },
  "C1": {
    "A1": 0.021052631578947368,
    "A2": 0.12631578947368421,
    "B1": 0.21052631578947367,
    "B2": 0.2631578947368421,
    "C1": 0.16842105263157894,
    "C2": 0.21052631578947367
  },
  "C2": {
    "A1": 0.018292682926829267,
    "A2": 0.012195121951219513,
    "B1": 0.12195121951219512,
    "B2": 0.31097560975609756,
    "C1": 0.24390243902439024,
    "C2": 0.2926829268292683
  }
}